year,Global_active_power,Sub_metering_1,Sub_metering_2,Sub_metering_3,Sub_metering_other
2006,1.9011478659822763,1.2486128247517092,2.2148206073773395,7.409385060439556,20.812978132387588
2007,1.1168175888670033,1.2308947498673544,1.6352063964881955,5.799520845816307,9.948005298706422
2008,1.0721016659643676,1.10985021942699,1.25622400613933,6.033809370053921,9.468477214254857
2009,1.0787429801295347,1.1367177164483189,1.1371816313984513,6.819745347581245,8.885407149923683
2010,1.0621363249320523,0.9925085438507659,1.1090002137071173,7.214869529390026,8.385906332954896
